City_ID,City,Country,Date,Lat,Lng,Max Temp,Humidity,Cloudiness,Wind Speed
0,Bredasdorp,ZA,2021-09-23 22:51:44,-34.5322,20.0403,54.72,76,71,5.75
1,Ginir,ET,2021-09-23 22:51:44,7.1333,40.7,61.43,73,58,4.47
2,Beringovskiy,RU,2021-09-23 22:51:45,63.05,179.3167,36.41,82,100,15.28
3,Necochea,AR,2021-09-23 22:51:46,-38.5473,-58.7368,55.04,93,38,8.79
4,Slidell,US,2021-09-23 22:50:40,30.2752,-89.7812,78.87,46,1,1.99
5,Kieta,PG,2021-09-23 22:51:47,-6.2167,155.6333,83.08,69,100,2.75
6,Barrow,US,2021-09-23 22:51:48,71.2906,-156.7887,26.62,86,90,5.75
7,Forestville,US,2021-09-23 22:51:49,38.8451,-76.875,70.66,68,75,1.99
8,Provideniya,RU,2021-09-23 22:51:50,64.3833,-173.3,33.91,69,90,8.95
9,Cairns,AU,2021-09-23 22:49:13,-16.9167,145.7667,78.12,68,41,11.5
10,Jamestown,US,2021-09-23 22:51:50,42.097,-79.2353,55.18,81,90,5.01
11,Nikolskoye,RU,2021-09-23 22:51:51,59.7035,30.7861,46.29,89,99,10.98
12,Lebu,CL,2021-09-23 22:51:51,-37.6167,-73.65,52.16,79,2,11.74
13,Fomboni,KM,2021-09-23 22:51:52,-12.28,43.7425,76.39,80,0,11.21
14,Bethel,US,2021-09-23 22:51:52,41.3712,-73.414,76.73,89,90,1.99
15,Carndonagh,IE,2021-09-23 22:51:53,55.25,-7.2667,52.97,86,17,9.06
16,Ushuaia,AR,2021-09-23 22:51:54,-54.8,-68.3,47.86,37,40,14.97
17,Souillac,MU,2021-09-23 22:51:54,-20.5167,57.5167,72.36,88,75,12.66
18,Conde,BR,2021-09-23 22:51:55,-7.2597,-34.9075,76.46,88,20,9.22
19,Ponta Do Sol,PT,2021-09-23 22:51:56,32.6667,-17.1,70.43,53,67,4.92
20,Ancud,CL,2021-09-23 22:51:56,-41.8697,-73.8203,53.42,84,98,9.55
21,Myitkyina,MM,2021-09-23 22:51:57,25.3833,97.4,73.02,81,6,1.9
22,Emba,KZ,2021-09-23 22:51:57,48.8264,58.1442,49.91,45,88,19.33
23,Busselton,AU,2021-09-23 22:51:58,-33.65,115.3333,44.1,78,0,10.6
24,Hobart,AU,2021-09-23 22:51:59,-42.8794,147.3294,52.11,58,20,24.16
25,Port Alfred,ZA,2021-09-23 22:51:59,-33.5906,26.891,61.07,74,61,17.09
26,Katsuura,JP,2021-09-23 22:52:00,35.1333,140.3,77.11,72,89,13.67
27,Huancabamba,PE,2021-09-23 22:52:00,-5.2386,-79.4506,61.79,80,76,3.13
28,Saint-Philippe,RE,2021-09-23 22:47:50,-21.3585,55.7679,69.35,79,35,11.52
29,Lavrentiya,RU,2021-09-23 22:52:01,65.5833,-171.0,33.01,67,95,3.76
30,Marrakesh,MA,2021-09-23 22:52:02,31.6315,-8.0083,69.87,68,0,8.05
31,Kedrovyy,RU,2021-09-23 22:52:02,56.1667,91.8167,30.61,96,92,3.18
32,Ilulissat,GL,2021-09-23 22:52:03,69.2167,-51.1,17.01,87,100,4.72
33,Najran,SA,2021-09-23 22:52:04,17.4924,44.1277,74.05,21,10,2.24
34,Norman Wells,CA,2021-09-23 22:52:04,65.282,-126.8329,39.24,81,75,9.22
35,Leh,IN,2021-09-23 22:50:47,34.1667,77.5833,51.58,60,19,4.74
36,Tuktoyaktuk,CA,2021-09-23 22:52:05,69.4541,-133.0374,35.6,75,75,2.3
37,Dikson,RU,2021-09-23 22:52:06,73.5069,80.5464,34.52,70,67,8.08
38,Mataura,NZ,2021-09-23 22:52:07,-46.1927,168.8643,50.49,51,50,9.98
39,Budogoshch,RU,2021-09-23 22:52:08,59.2816,32.4707,45.01,89,97,9.66
40,Georgetown,MY,2021-09-23 22:49:59,5.4112,100.3354,79.9,90,20,2.3
41,Hilo,US,2021-09-23 22:52:09,19.7297,-155.09,85.28,61,1,8.05
42,Alta Floresta,BR,2021-09-23 22:52:10,-9.8756,-56.0861,85.41,39,86,2.93
43,Rikitea,PF,2021-09-23 22:52:11,-23.1203,-134.9692,74.14,76,96,22.95
44,Tasiilaq,GL,2021-09-23 22:52:11,65.6145,-37.6368,23.13,59,64,4.14
45,Deputatskiy,RU,2021-09-23 22:52:12,69.3,139.9,34.32,85,98,4.85
46,Mkushi,ZM,2021-09-23 22:52:12,-13.6202,29.3939,62.29,66,24,6.87
47,Lata,PT,2021-09-23 22:52:13,40.1629,-8.3327,65.05,88,76,4.85
48,Castro,BR,2021-09-23 22:52:13,-24.7911,-50.0119,54.59,71,80,5.91
49,Nouadhibou,MR,2021-09-23 22:52:14,20.931,-17.0347,69.78,88,0,13.8
50,Atuona,PF,2021-09-23 22:52:15,-9.8,-139.0333,78.03,75,9,17.0
51,Sault Sainte Marie,CA,2021-09-23 22:48:09,46.5168,-84.3333,52.09,81,90,5.75
52,Bluff,NZ,2021-09-23 22:52:15,-46.6,168.3333,50.81,68,85,25.34
53,Ketchikan,US,2021-09-23 22:52:17,55.3422,-131.6461,53.58,93,90,14.97
54,Yaan,NG,2021-09-23 22:52:17,7.3833,8.5667,73.63,94,94,2.66
55,Kapaa,US,2021-09-23 22:52:18,22.0752,-159.319,82.38,73,40,4.0
56,Qaanaaq,GL,2021-09-23 22:52:18,77.484,-69.3632,16.3,57,98,6.53
57,Abu Kamal,SY,2021-09-23 22:52:19,34.4506,40.9171,77.16,45,0,12.33
58,Batagay-Alyta,RU,2021-09-23 22:52:20,67.8006,130.4114,32.74,79,30,2.75
59,Puerto Ayora,EC,2021-09-23 22:51:55,-0.7393,-90.3518,75.16,83,66,11.07
60,Torbay,CA,2021-09-23 22:52:21,47.6666,-52.7314,57.97,89,75,4.61
61,Faanui,PF,2021-09-23 22:52:21,-16.4833,-151.75,78.19,71,14,12.57
62,Puerto Ayacucho,VE,2021-09-23 22:52:21,5.6639,-67.6236,75.78,93,100,3.67
63,Port Elizabeth,ZA,2021-09-23 22:51:49,-33.918,25.5701,61.11,77,0,19.57
64,Vaini,TO,2021-09-23 22:52:22,-21.2,-175.2,78.96,83,75,6.91
65,Manzhouli,CN,2021-09-23 22:52:23,49.6,117.4333,42.22,80,62,4.36
66,Hamilton,US,2021-09-23 22:49:42,39.1834,-84.5333,64.63,64,75,3.0
67,Poum,NC,2021-09-23 22:52:24,-20.2333,164.0167,70.43,65,34,8.9
68,Chokurdakh,RU,2021-09-23 22:48:20,70.6333,147.9167,32.2,92,100,2.89
69,Kitangari,TZ,2021-09-23 22:52:24,-10.65,39.3333,67.95,89,70,6.64
70,Liverpool,GB,2021-09-23 22:52:25,53.4106,-2.9779,60.3,87,0,2.3
71,Northam,GB,2021-09-23 22:52:26,51.0333,-4.2167,58.66,93,91,4.14
72,Dingle,PH,2021-09-23 22:52:26,10.9995,122.6711,78.91,89,84,5.12
73,Tuatapere,NZ,2021-09-23 22:47:44,-46.1333,167.6833,53.82,60,69,11.12
74,Tura,IN,2021-09-23 22:52:27,25.5198,90.2201,72.88,90,42,2.73
75,Punta Arenas,CL,2021-09-23 22:52:12,-53.15,-70.9167,46.51,66,75,9.22
76,Balikpapan,ID,2021-09-23 22:52:28,-1.2675,116.8289,77.99,94,40,4.61
77,Albany,US,2021-09-23 22:52:18,42.6001,-73.9662,76.03,80,100,14.12
78,Fairbanks,US,2021-09-23 22:49:07,64.8378,-147.7164,43.61,47,90,3.44
79,Cape Town,ZA,2021-09-23 22:52:29,-33.9258,18.4232,58.87,89,75,1.01
80,Poselki,RU,2021-09-23 22:52:29,53.1324,46.5031,48.16,95,100,4.74
81,Ciudad Guayana,VE,2021-09-23 22:52:30,8.3533,-62.6528,88.52,68,82,3.42
82,Yantal,RU,2021-09-23 22:52:30,56.8471,105.2542,35.51,73,83,0.83
83,Broome,US,2021-09-23 22:52:31,42.2506,-75.833,65.98,81,75,1.99
84,Iqaluit,CA,2021-09-23 22:52:32,63.7506,-68.5145,31.73,80,90,14.97
85,Lompoc,US,2021-09-23 22:52:32,34.6391,-120.4579,88.79,71,1,14.97
86,New Norfolk,AU,2021-09-23 22:52:33,-42.7826,147.0587,51.75,79,95,4.0
87,Aanekoski,FI,2021-09-23 22:52:33,62.6946,25.818,44.67,100,100,13.27
88,Buala,SB,2021-09-23 22:52:34,-8.145,159.5921,81.84,76,100,4.41
89,Chernyshevskiy,RU,2021-09-23 22:52:36,63.0128,112.4714,36.19,90,100,2.53
90,Talnakh,RU,2021-09-23 22:52:36,69.4865,88.3972,33.08,78,7,6.91
91,Kihei,US,2021-09-23 22:52:37,20.785,-156.4656,84.97,75,40,24.16
92,Sur,OM,2021-09-23 22:52:37,22.5667,59.5289,85.14,67,76,3.78
93,Sao Joao Da Barra,BR,2021-09-23 22:52:38,-21.6403,-41.0511,67.12,67,77,10.42
94,Bara,NG,2021-09-23 22:52:39,10.3744,10.7288,70.52,91,97,4.32
95,Jaragua,BR,2021-09-23 22:52:39,-15.7569,-49.3344,88.02,34,99,7.94
96,Hasaki,JP,2021-09-23 22:52:40,35.7333,140.8333,73.8,65,84,13.89
97,Mahibadhoo,MV,2021-09-23 22:52:40,3.7833,72.9667,82.78,76,97,16.55
98,Samarai,PG,2021-09-23 22:52:41,-10.6167,150.6667,77.88,87,95,15.32
99,Teseney,ER,2021-09-23 22:52:42,15.11,36.6575,79.81,64,100,4.54
100,Saskylakh,RU,2021-09-23 22:52:42,71.9167,114.0833,33.51,97,100,10.74
101,Santa Rosa,PH,2021-09-23 22:52:43,14.3122,121.1114,81.86,81,97,2.71
102,Aklavik,CA,2021-09-23 22:52:43,68.2191,-135.0107,38.12,78,96,5.48
103,Roald,NO,2021-09-23 22:52:44,62.5833,6.1333,48.9,76,20,9.22
104,Turukhansk,RU,2021-09-23 22:52:44,65.8167,87.9833,26.56,90,29,9.64
105,Sola,VU,2021-09-23 22:52:45,-13.8833,167.55,83.07,84,75,5.75
106,Longkou,CN,2021-09-23 22:52:45,37.6508,120.3286,69.75,81,100,10.11
107,Bowmore,US,2021-09-23 22:52:46,34.9421,-79.3031,76.91,61,0,1.99
108,Tiksi,RU,2021-09-23 22:52:46,71.6872,128.8694,37.13,79,80,21.72
109,Lang Son,VN,2021-09-23 22:52:47,21.8333,106.7333,72.81,98,70,3.67
110,Cabo San Lucas,MX,2021-09-23 22:52:47,22.8909,-109.9124,94.51,70,9,9.08
111,Jibuti,DJ,2021-09-23 22:52:48,11.5,42.5,87.22,39,4,4.07
112,Quatre Cocos,MU,2021-09-23 22:48:22,-20.2078,57.7625,72.09,80,68,16.26
113,Mount Gambier,AU,2021-09-23 22:52:48,-37.8333,140.7667,51.71,82,75,12.66
114,Denpasar,ID,2021-09-23 22:48:19,-8.65,115.2167,78.46,94,40,10.36
115,Bandarbeyla,SO,2021-09-23 22:52:49,9.4942,50.8122,77.63,83,47,25.14
116,Taoudenni,ML,2021-09-23 22:52:50,22.6783,-3.9836,95.86,9,0,4.38
117,Gavardo,IT,2021-09-23 22:52:50,45.5894,10.4426,63.84,82,4,2.3
118,Yellowknife,CA,2021-09-23 22:52:04,62.456,-114.3525,46.92,87,90,5.75
119,Comodoro Rivadavia,AR,2021-09-23 22:52:51,-45.8667,-67.5,66.06,32,0,13.8
120,Hermanus,ZA,2021-09-23 22:52:51,-34.4187,19.2345,56.89,90,78,10.45
121,Saint-Pierre,RE,2021-09-23 22:52:52,-21.3393,55.4781,69.44,73,0,5.75
122,Sampit,ID,2021-09-23 22:52:52,-2.5333,112.95,75.65,95,95,1.45
123,Lahij,YE,2021-09-23 22:52:53,13.1667,44.5833,89.13,44,9,3.76
124,Marica,BR,2021-09-23 22:52:53,-22.9194,-42.8186,69.96,72,1,12.35
125,Kaitangata,NZ,2021-09-23 22:52:54,-46.2817,169.8464,52.99,51,20,11.54
126,Mahebourg,MU,2021-09-23 22:52:55,-20.4081,57.7,72.25,88,75,12.66
127,Port Hardy,CA,2021-09-23 22:48:17,50.6996,-127.4199,55.58,71,75,8.05
128,East London,ZA,2021-09-23 22:49:58,-33.0153,27.9116,66.54,46,46,15.77
129,Madimba,TZ,2021-09-23 22:52:55,-10.4,40.3333,73.56,87,25,9.28
130,Bengkulu,ID,2021-09-23 22:52:56,-3.8004,102.2655,74.66,88,95,4.05
131,Chaoyang,CN,2021-09-23 22:52:56,41.5703,120.4586,58.33,89,100,2.17
132,Skibbereen,IE,2021-09-23 22:52:57,51.55,-9.2667,58.8,93,83,7.43
133,Belle Fourche,US,2021-09-23 22:52:58,44.6714,-103.8522,79.9,16,63,11.16
134,Pisco,PE,2021-09-23 22:52:58,-13.7,-76.2167,66.25,68,0,13.8
135,Tres Arroyos,AR,2021-09-23 22:52:59,-38.3739,-60.2798,51.91,86,32,9.28
136,Jamapa,MX,2021-09-23 22:52:59,19.0333,-96.2333,83.07,54,20,15.08
137,Clyde River,CA,2021-09-23 22:53:00,70.4692,-68.5914,30.43,86,75,14.97
138,Tailai,CN,2021-09-23 22:53:00,46.3833,123.4,51.94,85,39,6.13
139,Wilmington,US,2021-09-23 22:52:36,34.2257,-77.9447,78.71,71,1,8.05
140,Pangoa,PE,2021-09-23 22:53:02,-12.1167,-73.0,70.47,84,60,4.09
141,Cayenne,GF,2021-09-23 22:53:02,4.9333,-52.3333,83.08,80,0,3.0
142,Henties Bay,NA,2021-09-23 22:53:03,-22.116,14.2845,55.85,86,0,8.79
143,Bom Jesus,BR,2021-09-23 22:53:03,-9.0744,-44.3586,86.18,35,74,4.88
144,Razdolnoye,RU,2021-09-23 22:53:04,43.55,131.9167,54.01,80,38,7.52
145,Avarua,CK,2021-09-23 22:53:05,-21.2078,-159.775,77.05,57,90,3.44
146,Mar Del Plata,AR,2021-09-23 22:52:40,-38.0023,-57.5575,53.62,100,90,6.91
147,Dongsheng,CN,2021-09-23 22:53:05,39.8161,109.9776,56.14,88,100,4.38
148,Sao Filipe,CV,2021-09-23 22:53:06,14.8961,-24.4956,79.0,77,61,8.84
149,Glace Bay,CA,2021-09-23 22:53:06,46.1969,-59.957,67.96,81,20,1.99
150,Behshahr,IR,2021-09-23 22:53:07,36.6923,53.5526,71.2,83,8,1.01
151,Gao,ML,2021-09-23 22:53:07,16.6362,1.637,92.88,31,51,8.05
152,Kondagaon,IN,2021-09-23 22:53:08,19.6,81.6667,70.79,97,100,2.82
153,Brigantine,US,2021-09-23 22:53:08,39.4101,-74.3646,70.05,91,90,5.75
154,Moron,AR,2021-09-23 22:52:23,-34.6534,-58.6198,62.02,76,52,1.99
155,Amazar,RU,2021-09-23 22:53:09,53.858,120.875,42.76,93,38,1.79
156,Chuy,UY,2021-09-23 22:53:10,-33.6971,-53.4616,54.88,95,91,5.48
157,Ust-Maya,RU,2021-09-23 22:53:10,60.4167,134.5333,42.21,64,4,2.75
158,Saint-Francois,FR,2021-09-23 22:53:11,46.4154,3.9054,51.48,100,15,1.14
159,Hofn,IS,2021-09-23 22:53:11,64.2539,-15.2082,41.68,79,100,11.43
160,Port Hedland,AU,2021-09-23 22:53:12,-20.3167,118.5667,62.65,59,34,0.0
161,Pangnirtung,CA,2021-09-23 22:53:12,66.1451,-65.7125,33.8,69,75,11.5
162,Horsham,GB,2021-09-23 22:53:13,51.064,-0.3272,61.5,93,40,3.44
163,Moroni,KM,2021-09-23 22:53:13,-11.7022,43.2551,74.41,83,1,6.31
164,Koumac,NC,2021-09-23 22:53:14,-20.5667,164.2833,73.22,53,28,4.14
165,Tual,ID,2021-09-23 22:53:15,-5.6667,132.75,79.84,82,83,19.84
166,High Level,CA,2021-09-23 22:53:15,58.5169,-117.136,55.51,44,40,11.5
167,Grindavik,IS,2021-09-23 22:53:15,63.8424,-22.4338,43.27,87,75,14.97
168,Bojonegoro,ID,2021-09-23 22:53:16,-7.1502,111.8817,77.95,82,95,3.44
169,Carnarvon,AU,2021-09-23 22:53:16,-24.8667,113.6333,66.27,77,0,19.57
170,Steamboat Springs,US,2021-09-23 22:53:17,40.485,-106.8317,73.11,19,1,4.61
171,Nishihara,JP,2021-09-23 22:53:17,26.1842,127.7558,79.88,85,20,6.91
172,Lamar,US,2021-09-23 22:53:18,33.6668,-95.5836,82.56,21,1,5.75
173,Arraial Do Cabo,BR,2021-09-23 22:53:19,-22.9661,-42.0278,67.96,52,75,8.05
174,Khatanga,RU,2021-09-23 22:53:19,71.9667,102.5,32.76,96,100,6.51
175,Daoukro,CI,2021-09-23 22:53:20,7.0591,-3.9631,72.1,99,57,1.95
176,Osinovo,RU,2021-09-23 22:53:21,55.8809,48.881,48.29,94,100,11.92
177,San Ramon,US,2021-09-23 22:48:43,37.7799,-121.978,99.23,23,1,1.01
178,Vostok,RU,2021-09-23 22:53:23,46.4856,135.8833,46.53,85,0,2.39
179,Port Lincoln,AU,2021-09-23 22:53:23,-34.7333,135.8667,55.04,73,69,16.51
180,Butaritari,KI,2021-09-23 22:53:24,3.0707,172.7902,83.05,75,4,16.75
181,Glasgow,GB,2021-09-23 22:53:25,55.8652,-4.2576,57.2,86,20,14.97
182,Solnechnyy,RU,2021-09-23 22:53:25,50.7214,136.6319,51.04,56,1,1.05
183,Flin Flon,CA,2021-09-23 22:53:26,54.7682,-101.865,49.84,81,75,14.97
184,Grand Forks,US,2021-09-23 22:53:26,47.9417,-97.4337,77.79,38,40,8.05
185,La Union,PE,2021-09-23 22:53:27,-5.4,-80.75,71.37,66,10,15.59
186,Alugan,PH,2021-09-23 22:53:28,12.2188,125.4808,82.8,81,29,5.59
187,Hatsukaichi,JP,2021-09-23 22:53:29,34.35,132.3333,68.2,70,63,3.85
188,Pemberton,CA,2021-09-23 22:53:29,50.3164,-122.8027,69.49,43,54,2.57
189,Egvekinot,RU,2021-09-23 22:53:30,66.3167,-179.1667,26.76,84,100,5.99
190,Littleton,US,2021-09-23 22:53:30,39.6133,-105.0166,83.35,15,67,1.01
191,Mantua,IT,2021-09-23 22:53:31,45.1667,10.7833,65.35,83,7,1.74
192,Salalah,OM,2021-09-23 22:53:32,17.0151,54.0924,79.99,87,71,4.41
193,Mayumba,GA,2021-09-23 22:53:32,-3.432,10.6554,75.67,86,56,4.16
194,Port Blair,IN,2021-09-23 22:53:33,11.6667,92.75,80.22,82,100,10.33
195,Kurayoshi,JP,2021-09-23 22:53:33,35.4333,133.8167,66.02,75,68,1.63
196,Ghatsila,IN,2021-09-23 22:53:34,22.6,86.4833,75.6,97,88,0.83
197,Merrill,US,2021-09-23 22:53:34,45.1805,-89.6835,71.37,46,1,8.05
198,Severo-Kurilsk,RU,2021-09-23 22:53:35,50.6789,156.125,48.85,92,100,27.13
199,Sanmenxia,CN,2021-09-23 22:53:35,34.7747,111.1814,69.84,93,100,7.16
200,Yerbogachen,RU,2021-09-23 22:53:36,61.2767,108.0108,37.56,95,100,1.36
201,Solomenskoye,RU,2021-09-23 22:53:36,44.2167,44.3528,53.91,93,100,5.79
202,Los Llanos De Aridane,ES,2021-09-23 22:53:37,28.6585,-17.9182,71.35,86,0,10.36
203,Barquisimeto,VE,2021-09-23 22:53:38,10.0739,-69.3228,74.44,83,100,8.34
204,Broadford,AU,2021-09-23 22:53:38,-37.2,145.0667,61.5,71,19,8.34
205,Shimoda,JP,2021-09-23 22:53:39,34.6667,138.95,76.53,74,82,7.78
206,Keti Bandar,PK,2021-09-23 22:53:39,24.1447,67.4497,81.05,86,90,15.05
207,Palu,ID,2021-09-23 22:53:40,-0.8917,119.8707,77.22,88,56,2.66
208,Longyearbyen,SJ,2021-09-23 22:53:40,78.2186,15.6401,44.44,76,75,19.57
209,Chumikan,RU,2021-09-23 22:53:41,54.7183,135.315,48.34,63,0,13.15
210,Bolu,TR,2021-09-23 22:53:41,40.6667,31.5833,44.22,95,97,3.71
211,Upernavik,GL,2021-09-23 22:53:42,72.7868,-56.1549,28.42,94,100,12.84
212,Amapa,BR,2021-09-23 22:53:43,1.0,-52.0,79.09,63,100,5.17
213,Husavik,IS,2021-09-23 22:53:43,66.0449,-17.3389,37.31,94,100,27.36
214,Bairiki,KI,2021-09-23 22:53:45,1.3292,172.9752,86.0,74,40,8.05
215,Victoria,HK,2021-09-23 22:52:11,22.2855,114.1577,84.33,86,60,16.44
216,Bendigo,AU,2021-09-23 22:53:46,-36.7667,144.2833,54.03,65,0,10.29
217,Puerto Carreno,CO,2021-09-23 22:53:46,6.189,-67.4859,77.34,88,100,6.91
218,Puerto Escondido,MX,2021-09-23 22:53:46,15.85,-97.0667,84.0,75,86,4.03
219,Shumskiy,RU,2021-09-23 22:53:47,54.8318,99.1328,38.71,98,100,2.71
220,Marawi,PH,2021-09-23 22:53:47,7.9986,124.2928,66.65,92,84,0.85
221,Kodiak,US,2021-09-23 22:53:48,57.79,-152.4072,40.37,88,100,19.62
222,Tabou,CI,2021-09-23 22:53:48,4.423,-7.3528,77.41,89,30,5.99
223,Olavarria,AR,2021-09-23 22:53:49,-36.8927,-60.3225,52.7,81,85,3.33
224,Yulara,AU,2021-09-23 22:53:38,-25.2406,130.9889,49.84,34,22,5.75
225,Hithadhoo,MV,2021-09-23 22:53:50,-0.6,73.0833,80.33,83,100,15.43
226,Ostrogozhsk,RU,2021-09-23 22:53:50,50.8664,39.0756,46.74,84,83,4.54
227,Sept-Iles,CA,2021-09-23 22:53:52,50.2001,-66.3821,53.06,92,90,1.01
228,Belmonte,BR,2021-09-23 22:53:52,-15.8631,-38.8828,68.5,66,99,11.52
229,Magadan,RU,2021-09-23 22:53:53,59.5667,150.8,48.63,68,1,2.1
230,Lorengau,PG,2021-09-23 22:53:53,-2.0226,147.2712,82.62,76,98,10.42
231,Illela,NG,2021-09-23 22:53:54,13.7292,5.2975,86.86,48,95,9.73
232,Dukat,RU,2021-09-23 22:53:54,62.55,155.55,40.28,64,9,3.11
233,Conakry,GN,2021-09-23 22:53:55,9.538,-13.6773,74.35,79,100,6.22
234,Hirara,JP,2021-09-23 22:53:55,24.8,125.2833,82.26,89,20,6.91
235,Aksu,CN,2021-09-23 22:53:56,41.1231,80.2644,64.71,34,0,2.24
236,Shamkhal,RU,2021-09-23 22:53:56,43.0596,47.3373,60.78,83,100,10.0
237,Pravda,RU,2021-09-23 22:53:57,46.9396,142.009,46.4,79,4,12.35
238,Halifax,CA,2021-09-23 22:52:37,44.6453,-63.5724,68.05,87,7,1.01
239,Ouadda,CF,2021-09-23 22:53:59,8.0777,22.4007,68.65,95,51,2.98
240,Tilichiki,RU,2021-09-23 22:53:59,60.4667,166.1,45.7,70,81,6.98
241,Isangel,VU,2021-09-23 22:54:00,-19.55,169.2667,75.31,73,90,4.61
242,Pevek,RU,2021-09-23 22:54:00,69.7008,170.3133,29.16,86,98,10.4
243,Codrington,AU,2021-09-23 22:54:00,-38.2667,141.9667,52.75,77,78,19.62
244,Ereymentau,KZ,2021-09-23 22:54:01,51.6199,73.1033,37.8,76,96,5.91
245,Springbok,ZA,2021-09-23 22:54:02,-29.6643,17.8865,51.87,41,79,3.09
246,Ravar,IR,2021-09-23 22:54:02,31.2656,56.8055,77.07,21,16,3.24
247,Nemuro,JP,2021-09-23 22:54:03,43.3236,145.575,55.08,87,100,19.6
248,Kemijarvi,FI,2021-09-23 22:54:03,66.7131,27.4306,43.45,84,100,12.39
249,Karasburg,NA,2021-09-23 22:54:04,-28.0167,18.75,60.6,25,55,6.71
250,Raymond Terrace,AU,2021-09-23 22:54:04,-32.75,151.75,71.49,56,0,14.97
251,Inhambane,MZ,2021-09-23 22:54:06,-23.865,35.3833,65.17,79,0,4.94
252,Chicama,PE,2021-09-23 22:54:06,-7.8447,-79.1469,61.34,75,23,7.31
253,Vestmannaeyjar,IS,2021-09-23 22:54:07,63.4427,-20.2734,48.27,89,99,8.81
254,Ejido,VE,2021-09-23 22:54:07,8.5514,-71.2375,68.31,91,100,4.34
255,Thompson,CA,2021-09-23 22:54:07,55.7435,-97.8558,60.96,72,75,8.05
256,Nuevo Progreso,MX,2021-09-23 22:54:08,23.1667,-97.95,87.6,47,16,10.0
257,Fortuna,US,2021-09-23 22:53:27,40.5982,-124.1573,77.86,57,1,3.0
258,Nanortalik,GL,2021-09-23 22:54:09,60.1432,-45.2371,35.98,76,24,19.26
259,Duku,NG,2021-09-23 22:54:10,11.2361,4.9073,74.86,90,92,4.0
260,Klaksvik,FO,2021-09-23 22:54:11,62.2266,-6.589,52.72,95,100,22.12
261,Qaqortoq,GL,2021-09-23 22:54:12,60.7167,-46.0333,35.2,63,0,10.27
262,Ribeira Grande,PT,2021-09-23 22:54:12,38.5167,-28.7,70.47,64,88,6.46
263,Seydi,TM,2021-09-23 22:54:13,39.4816,62.9137,66.31,21,0,11.74
264,Stromness,GB,2021-09-23 22:54:13,58.965,-3.296,53.85,91,100,11.99
265,Guaymas,MX,2021-09-23 22:54:14,27.9333,-110.9,91.45,52,100,10.25
266,Saint-Augustin,CA,2021-09-23 22:54:14,51.226,-58.6502,49.5,88,90,5.35
267,Bambous Virieux,MU,2021-09-23 22:54:15,-20.3428,57.7575,72.21,88,75,12.66
268,Santa Lucia,ES,2021-09-23 22:54:15,27.9117,-15.5407,67.32,69,40,8.05
269,Tocopilla,CL,2021-09-23 22:51:53,-22.092,-70.1979,63.99,72,20,6.82
270,Syumsi,RU,2021-09-23 22:54:16,57.1111,51.6149,50.86,61,100,9.8
271,Fukue,JP,2021-09-23 22:54:17,32.6881,128.8419,75.2,63,20,13.65
272,Hanyang,CN,2021-09-23 22:54:17,32.1371,105.5126,66.42,97,87,2.89
273,Kavieng,PG,2021-09-23 22:54:18,-2.5744,150.7967,83.59,70,100,11.34
274,Bonavista,CA,2021-09-23 22:54:18,48.6499,-53.1147,57.11,89,54,13.58
275,Carauari,BR,2021-09-23 22:54:19,-4.8828,-66.8958,76.78,88,84,1.81
276,Paamiut,GL,2021-09-23 22:54:20,61.994,-49.6678,32.86,73,9,18.72
277,Montelibano,CO,2021-09-23 22:54:20,7.9829,-75.4229,77.9,88,100,5.01
278,Navrongo,GH,2021-09-23 22:54:21,10.8956,-1.0921,79.03,76,100,5.59
279,Karasjok,NO,2021-09-23 22:54:21,69.4719,25.5112,41.11,92,100,10.6
280,Puerto Colombia,CO,2021-09-23 22:54:22,10.9878,-74.9547,84.29,80,100,3.15
281,Sitangkai,PH,2021-09-23 22:54:23,4.6628,119.3928,82.17,77,95,9.22
282,Capoterra,IT,2021-09-23 22:54:23,39.1763,8.9718,74.91,73,0,3.44
283,Buraydah,SA,2021-09-23 22:54:24,26.326,43.975,84.65,17,12,6.71
284,Plouzane,FR,2021-09-23 22:54:24,48.3833,-4.6167,59.32,94,90,5.75
285,Broken Hill,AU,2021-09-23 22:54:25,-31.95,141.4333,62.31,36,31,9.22
286,Manhattan,US,2021-09-23 22:54:25,40.7834,-73.9662,78.13,89,90,4.61
287,Caravelas,BR,2021-09-23 22:54:26,-17.7125,-39.2481,70.09,73,20,11.14
288,Palmeiras De Goias,BR,2021-09-23 22:54:26,-16.805,-49.9258,91.11,23,81,9.86
289,Margate,GB,2021-09-23 22:54:27,51.3813,1.3862,61.7,89,11,1.01
290,Warri,NG,2021-09-23 22:54:16,5.5167,5.75,77.4,89,98,2.8
291,Urengoy,RU,2021-09-23 22:54:28,65.9667,78.3667,33.17,79,87,10.29
292,Luanda,AO,2021-09-23 22:54:28,-8.8368,13.2343,72.63,86,95,9.46
293,Bukama,CD,2021-09-23 22:54:29,-9.2,25.85,77.32,25,59,2.35
294,Laguna,US,2021-09-23 22:54:29,38.421,-121.4238,99.43,22,1,1.99
295,Manavalakurichi,IN,2021-09-23 22:54:30,8.1333,77.3,80.69,84,94,15.66
296,Cockburn Town,TC,2021-09-23 22:54:30,21.4612,-71.1419,85.96,70,40,8.05
297,Miquelon,PM,2021-09-23 22:54:31,47.0975,-56.3814,62.6,91,25,14.41
298,Gazanjyk,TM,2021-09-23 22:54:31,39.2446,55.5154,70.68,29,16,0.45
299,Suez,EG,2021-09-23 22:54:32,29.9737,32.5263,74.57,74,0,6.93
300,Ulladulla,AU,2021-09-23 22:54:32,-35.35,150.4667,72.88,47,8,8.93
301,Visnes,NO,2021-09-23 22:54:33,59.3556,5.2242,51.69,76,20,10.36
302,Fort Nelson,CA,2021-09-23 22:54:34,58.8053,-122.7002,54.99,30,75,9.22
303,Bridlington,GB,2021-09-23 22:54:34,54.0831,-0.1919,58.28,90,44,12.06
304,Shingu,JP,2021-09-23 22:54:35,33.7333,135.9833,72.59,66,61,2.89
305,Lindi,TZ,2021-09-23 22:54:35,-10.0,39.7167,72.12,90,61,5.01
306,La Ronge,CA,2021-09-23 22:54:36,55.1001,-105.2842,44.85,76,90,12.66
307,Bodden Town,KY,2021-09-23 22:54:36,19.2833,-81.25,87.8,74,40,1.99
308,Alofi,NU,2021-09-23 22:54:37,-19.0595,-169.9187,78.69,65,75,9.22
309,Anajatuba,BR,2021-09-23 22:54:38,-3.2644,-44.6197,79.36,75,100,8.79
310,Detchino,RU,2021-09-23 22:54:38,54.8092,36.3075,41.45,92,85,6.78
311,Esperance,AU,2021-09-23 22:54:39,-33.8667,121.9,51.64,56,98,9.22
312,San Quintin,MX,2021-09-23 22:54:39,30.4833,-115.95,75.6,65,59,12.19
313,Haines Junction,CA,2021-09-23 22:54:40,60.7522,-137.5108,39.15,93,100,5.75
314,Ambon,ID,2021-09-23 22:50:02,-3.6954,128.1814,75.34,100,75,2.3
315,Beinamar,TD,2021-09-23 22:54:41,8.6698,15.3813,70.54,96,95,3.71
316,Obala,CM,2021-09-23 22:54:41,4.1667,11.5333,69.67,98,100,1.5
317,Gainesville,US,2021-09-23 22:54:42,29.6516,-82.3248,82.94,69,26,6.8
318,Vardo,NO,2021-09-23 22:54:42,70.3705,31.1107,43.0,81,29,24.0
319,Tiznit,MA,2021-09-23 22:54:43,29.5833,-9.5,65.41,80,2,1.45
320,Palmer,US,2021-09-23 22:53:29,42.1584,-72.3287,74.98,75,75,3.0
321,Susanville,US,2021-09-23 22:54:43,40.4163,-120.653,79.83,25,93,1.99
322,Hauppauge,US,2021-09-23 22:54:44,40.8256,-73.2026,77.92,86,90,1.99
323,Aykhal,RU,2021-09-23 22:54:44,66.0,111.5,33.39,88,98,3.62
324,Sao Miguel Do Araguaia,BR,2021-09-23 22:54:45,-13.275,-50.1628,92.8,19,44,6.67
325,Tucuman,AR,2021-09-23 22:50:17,-26.8241,-65.2226,77.0,31,0,3.44
326,Calvinia,ZA,2021-09-23 22:54:46,-31.4707,19.776,54.37,37,83,4.52
327,Sandwick,GB,2021-09-23 22:54:46,60.0,-1.25,48.02,93,90,20.71
328,Narsaq,GL,2021-09-23 22:54:47,60.9167,-46.05,34.25,62,0,2.53
329,Yuci,CN,2021-09-23 22:54:47,37.6803,112.7319,62.35,77,40,6.71
330,Whitehorse,CA,2021-09-23 22:54:07,60.7161,-135.0538,44.1,75,75,11.5
331,Olafsvik,IS,2021-09-23 22:54:48,64.8945,-23.7142,44.02,69,88,18.77
332,Havoysund,NO,2021-09-23 22:54:48,70.9963,24.6622,45.48,76,94,23.26
333,Merauke,ID,2021-09-23 22:54:49,-8.4667,140.3333,79.12,78,81,13.33
334,Meulaboh,ID,2021-09-23 22:54:49,4.1363,96.1285,76.5,90,69,4.34
335,Ilhabela,BR,2021-09-23 22:54:50,-23.7781,-45.3581,65.21,72,28,11.34
336,Samarkand,UZ,2021-09-23 22:54:52,39.6542,66.9597,62.02,31,0,11.5
337,Chara,RU,2021-09-23 22:54:52,56.9064,118.2631,36.39,94,98,2.57
338,Jega,NG,2021-09-23 22:54:53,12.2175,4.3792,76.24,80,75,5.93
339,Calatayud,ES,2021-09-23 22:54:53,41.3535,-1.6432,68.58,79,13,3.71
340,Labuhan,ID,2021-09-23 22:54:54,-6.8844,112.2051,79.43,79,100,6.93
341,Wagga Wagga,AU,2021-09-23 22:54:54,-35.1167,147.3667,60.6,82,0,3.44
342,Jumla,NP,2021-09-23 22:54:55,29.2747,82.1838,59.31,95,100,0.49
343,Galesong,ID,2021-09-23 22:54:55,-5.3166,119.3661,75.22,75,100,3.22
344,Cabot,US,2021-09-23 22:54:56,34.9745,-92.0165,77.9,32,0,2.48
345,Tezu,IN,2021-09-23 22:54:56,27.9167,96.1667,73.54,81,30,3.56
346,Vestmanna,FO,2021-09-23 22:54:56,62.1564,-7.1664,50.92,100,90,10.36
347,Havre-Saint-Pierre,CA,2021-09-23 22:54:57,50.2334,-63.5986,53.96,87,90,4.61
348,Santa Maria Da Boa Vista,BR,2021-09-23 22:54:57,-8.8078,-39.8256,86.95,38,80,18.12
349,Aguimes,ES,2021-09-23 22:54:58,27.9054,-15.4461,72.23,67,40,8.05
350,Lagoa,PT,2021-09-23 22:54:59,39.05,-27.9833,69.28,63,100,11.34
351,Changde,CN,2021-09-23 22:54:59,29.0464,111.6783,78.93,82,64,3.38
352,Nargana,PA,2021-09-23 22:55:00,9.4428,-78.5906,80.19,83,95,7.14
353,Joshimath,IN,2021-09-23 22:55:01,30.5667,79.5667,65.68,87,100,2.46
354,Progreso,MX,2021-09-23 22:55:01,21.2833,-89.6667,84.11,72,98,8.28
355,Khutar,IN,2021-09-23 22:55:02,28.2,80.2833,75.85,91,6,6.51
356,Mahbubabad,IN,2021-09-23 22:55:02,17.6167,80.0167,75.47,93,100,1.12
357,Kautokeino,NO,2021-09-23 22:55:04,69.0125,23.0412,39.04,94,100,13.85
358,San Buenaventura,MX,2021-09-23 22:55:06,27.0833,-101.5333,86.23,26,2,9.44
359,Gorontalo,ID,2021-09-23 22:55:07,0.5412,123.0595,76.41,90,86,1.48
360,Goderich,CA,2021-09-23 22:55:07,43.7501,-81.7165,56.91,82,100,10.36
361,Cabra,ES,2021-09-23 22:55:08,37.4725,-4.4421,74.39,69,96,5.41
362,Shimanovsk,RU,2021-09-23 22:55:08,52.0,127.7,48.56,76,100,5.66
363,Oranjemund,NA,2021-09-23 22:55:09,-28.55,16.4333,55.56,91,68,4.14
364,Portland,US,2021-09-23 22:52:16,45.5234,-122.6762,77.9,58,75,3.0
365,Chaykovskiy,RU,2021-09-23 22:55:09,56.7686,54.1148,48.81,70,100,7.07
366,Padang,ID,2021-09-23 22:55:10,-0.9492,100.3543,75.25,85,84,3.33
367,Sal Rei,CV,2021-09-23 22:55:11,16.1833,-22.9167,81.16,76,87,14.97
368,Zhoucheng,CN,2021-09-23 22:55:11,35.9122,116.3117,69.78,93,89,6.93
369,Vanavara,RU,2021-09-23 22:55:12,60.34,102.2797,25.61,93,40,1.54
370,Alamosa,US,2021-09-23 22:55:13,37.4695,-105.87,74.71,7,75,9.57
371,Byron Bay,AU,2021-09-23 22:55:13,-28.65,153.6167,71.71,45,4,9.33
372,Sayyan,YE,2021-09-23 22:55:13,15.1718,44.3244,61.47,26,51,8.41
373,Miranda,CO,2021-09-23 22:55:14,3.2499,-76.2281,78.93,88,79,1.72
374,Ejutla De Crespo,MX,2021-09-23 22:55:15,16.5667,-96.7333,76.15,62,65,6.67
375,Champasak,LA,2021-09-23 22:55:15,14.75,106.0,71.91,99,100,6.49
376,Yanam,IN,2021-09-23 22:55:16,16.7333,82.2167,76.19,91,99,2.51
377,Longyan,CN,2021-09-23 22:55:16,25.1072,117.0225,74.34,94,75,1.61
378,Saint George,US,2021-09-23 22:53:06,37.1041,-113.5841,95.47,13,1,1.01
379,Ust-Tarka,RU,2021-09-23 22:55:17,55.5672,75.705,35.33,77,61,7.07
380,Bubaque,GW,2021-09-23 22:55:17,11.2833,-15.8333,82.13,77,100,7.31
381,Duldurga,RU,2021-09-23 22:55:19,50.6761,113.5931,37.44,83,10,1.7
382,Dunedin,NZ,2021-09-23 22:52:52,-45.8742,170.5036,56.8,53,0,1.99
383,Lazurne,UA,2021-09-23 22:55:21,46.084,32.5295,50.9,71,54,8.41
384,Okhotsk,RU,2021-09-23 22:55:22,59.3833,143.3,51.87,57,14,5.79
385,Boke,GN,2021-09-23 22:55:22,10.9409,-14.2967,74.91,94,100,2.24
386,Konongo,GH,2021-09-23 22:55:23,6.6167,-1.2167,71.89,98,76,1.68
387,Birjand,IR,2021-09-23 22:55:23,32.8663,59.2211,59.47,15,0,0.0
388,Shache,CN,2021-09-23 22:55:24,38.4167,77.2406,64.99,27,0,4.9
389,Moultrie,US,2021-09-23 22:55:00,31.1799,-83.7891,76.64,46,1,5.75
390,Rincon,US,2021-09-23 22:55:25,32.296,-81.2354,78.76,62,0,4.72
391,Kloulklubed,PW,2021-09-23 22:55:26,7.0419,134.2556,81.1,75,100,5.32
392,Batagay,RU,2021-09-23 22:55:26,67.6333,134.6333,38.89,71,70,2.98
393,Saint-Louis,SN,2021-09-23 22:55:27,16.3333,-15.0,86.38,51,77,14.12
394,Tripoli,LY,2021-09-23 22:53:14,32.8752,13.1875,77.32,79,15,14.47
395,Ostrovnoy,RU,2021-09-23 22:55:28,68.0531,39.5131,44.67,86,49,17.13
396,Sokol,RU,2021-09-23 22:55:28,59.4617,40.1206,48.43,94,100,9.55
397,Muroto,JP,2021-09-23 22:55:29,33.2833,134.15,68.04,69,28,9.73
398,Dakar,SN,2021-09-23 22:51:07,14.6937,-17.4441,81.48,77,85,10.2
399,Saint-Joseph,RE,2021-09-23 22:55:30,-21.3667,55.6167,68.36,76,16,12.01
400,Kahului,US,2021-09-23 22:54:27,20.8947,-156.47,84.97,79,70,10.8
401,Reftinskiy,RU,2021-09-23 22:55:31,57.0901,61.6769,30.6,80,37,4.97
402,Inverell,AU,2021-09-23 22:55:31,-29.7833,151.1167,62.11,53,0,5.01
403,Romitan,UZ,2021-09-23 22:55:31,39.9343,64.3814,58.95,38,0,6.91
404,Kaeo,NZ,2021-09-23 22:55:32,-35.1,173.7833,61.32,80,100,9.91
405,Bilma,NE,2021-09-23 22:55:32,18.6853,12.9164,86.23,13,3,2.39
406,Krasnoborsk,RU,2021-09-23 22:55:33,61.5598,45.934,46.35,86,100,7.61
407,Nieuw Amsterdam,SR,2021-09-23 22:55:34,5.8833,-55.0833,87.96,77,20,4.61
408,Coruripe,BR,2021-09-23 22:55:34,-10.1256,-36.1756,75.76,82,12,10.69
409,Daru,PG,2021-09-23 22:55:35,-9.0763,143.2092,77.04,86,99,16.51
410,Saldanha,ZA,2021-09-23 22:55:35,-33.0117,17.9442,50.05,92,91,4.25
411,Kindu,CD,2021-09-23 22:55:36,-2.95,25.95,69.26,99,100,2.66
412,Gambo,CF,2021-09-23 22:55:36,4.6482,22.2633,67.68,99,100,1.1
413,Cidreira,BR,2021-09-23 22:55:37,-30.1811,-50.2056,61.72,89,100,14.29
414,Nome,US,2021-09-23 22:55:37,64.5011,-165.4064,41.16,54,4,4.45
415,Airai,TL,2021-09-23 22:55:38,-8.9266,125.4092,65.7,40,96,2.26
416,High Rock,BS,2021-09-23 22:55:39,26.6208,-78.2833,86.02,63,10,2.24
417,Majene,ID,2021-09-23 22:55:39,-3.5403,118.9707,76.24,87,99,6.38
418,Manacor,ES,2021-09-23 22:55:40,39.5696,3.2096,77.32,85,42,17.29
419,Mayo,US,2021-09-23 22:55:40,38.8876,-76.5119,70.56,88,59,4.0
420,Soyo,AO,2021-09-23 22:55:41,-6.1349,12.3689,75.13,85,34,6.46
421,Mizdah,LY,2021-09-23 22:55:41,31.4451,12.9801,71.8,80,38,9.6
422,Jalu,LY,2021-09-23 22:55:42,29.0331,21.5482,79.92,39,0,13.29
423,Cali,CO,2021-09-23 22:53:41,3.4372,-76.5225,80.6,57,75,9.22
424,Manono,CD,2021-09-23 22:55:42,-7.3,27.4167,77.83,38,43,4.12
425,Agudos,BR,2021-09-23 22:55:43,-22.4692,-48.9875,77.25,41,0,10.36
426,Zhanaozen,KZ,2021-09-23 22:55:44,43.3,52.8,69.26,19,2,24.36
427,Korla,CN,2021-09-23 22:55:45,41.7597,86.1469,65.32,28,4,8.88
428,Gamba,GA,2021-09-23 22:55:45,-2.65,10.0,75.85,85,97,4.21
429,Itoman,JP,2021-09-23 22:55:46,26.1247,127.6694,80.62,80,40,10.36
430,Panama City,PA,2021-09-23 22:51:38,8.9936,-79.5197,80.55,85,75,3.44
431,Geraldton,AU,2021-09-23 22:55:47,-28.7667,114.6,56.12,93,0,9.22
432,Tiarei,PF,2021-09-23 22:55:47,-17.5333,-149.3333,84.22,76,3,16.98
433,Flinders,AU,2021-09-23 22:55:48,-34.5833,150.8552,73.06,52,3,8.01
434,Bosaso,SO,2021-09-23 22:55:48,11.2842,49.1816,90.25,49,76,10.25
435,Adrar,MR,2021-09-23 22:55:49,20.5022,-10.0711,92.82,13,37,8.08
436,Fayaoue,NC,2021-09-23 22:55:50,-20.65,166.5333,70.23,63,39,19.53
437,Novosheshminsk,RU,2021-09-23 22:55:51,55.0651,51.2338,49.35,73,100,12.66
438,Depalpur,IN,2021-09-23 22:55:51,22.85,75.55,73.09,94,88,8.68
439,Port Macquarie,AU,2021-09-23 22:51:12,-31.4333,152.9167,62.56,38,0,2.51
440,Ocampo,MX,2021-09-23 22:55:53,21.65,-101.5,67.41,50,61,7.94
441,Nyurba,RU,2021-09-23 22:55:54,63.2842,118.3319,39.58,75,100,3.2
442,Campbell River,CA,2021-09-23 22:51:46,50.0163,-125.2446,65.59,61,75,2.3
443,Rio Bueno,CL,2021-09-23 22:55:56,-40.3167,-72.9667,64.54,85,29,1.43
444,Afsin,TR,2021-09-23 22:55:56,38.2477,36.914,54.84,53,100,5.1
445,Sitka,US,2021-09-23 22:55:57,57.0531,-135.33,55.29,88,90,10.36
446,Simbahan,PH,2021-09-23 22:55:58,6.3032,120.5836,83.21,74,75,12.33
447,Tessalit,ML,2021-09-23 22:55:58,20.1986,1.0114,91.94,12,81,13.04
448,Verkhnevilyuysk,RU,2021-09-23 22:55:59,63.4453,120.3167,39.83,80,100,3.42
449,Grand Gaube,MU,2021-09-23 22:55:08,-20.0064,57.6608,72.37,75,74,8.99
450,Soe,ID,2021-09-23 22:56:00,-9.8607,124.284,71.08,50,69,3.18
451,Aswan,EG,2021-09-23 22:56:00,24.0934,32.907,87.1,23,0,12.66
452,Jabinyanah,TN,2021-09-23 22:56:01,35.035,10.9081,82.2,80,100,10.13
453,Gujar Khan,PK,2021-09-23 22:56:01,33.2558,73.3026,75.63,84,0,3.67
454,Malanje,AO,2021-09-23 22:56:02,-9.5402,16.341,67.75,72,100,9.28
455,Kuito,AO,2021-09-23 22:56:03,-12.3833,16.9333,64.85,26,65,2.04
456,Kavaratti,IN,2021-09-23 22:56:03,10.5669,72.642,81.27,79,91,15.55
457,Lima,PE,2021-09-23 22:52:49,-12.0432,-77.0282,68.9,71,90,8.05
458,Kruisfontein,ZA,2021-09-23 22:56:04,-34.0033,24.7314,56.88,79,67,11.9
459,Usinsk,RU,2021-09-23 22:56:04,65.9939,57.5281,37.65,94,100,7.07
460,Huarmey,PE,2021-09-23 22:56:05,-10.0681,-78.1522,64.62,81,34,8.32
461,Alexandria,EG,2021-09-23 22:52:05,31.2156,29.9553,77.54,61,40,14.97
462,Sarany,RU,2021-09-23 22:56:06,58.5,58.8833,32.83,91,10,1.05
463,Harper,LR,2021-09-23 22:56:06,4.375,-7.7169,77.95,87,39,6.67
464,Khuzhir,RU,2021-09-23 22:56:07,53.1939,107.3397,47.89,71,89,15.43
465,Kiruna,SE,2021-09-23 22:56:08,67.8557,20.2251,36.52,93,90,4.61
466,Yumen,CN,2021-09-23 22:56:08,40.2833,97.2,59.85,32,74,2.04
467,Karratha,AU,2021-09-23 22:56:09,-20.7377,116.8463,73.6,42,23,5.99
468,Omboue,GA,2021-09-23 22:56:10,-1.5746,9.2618,76.66,85,97,5.66
469,Kletnya,RU,2021-09-23 22:56:10,53.3897,33.2171,42.96,94,100,8.46
470,Ahipara,NZ,2021-09-23 22:56:12,-35.1667,173.1667,58.89,83,97,12.53
471,Muzhi,RU,2021-09-23 22:56:12,65.3667,64.6667,34.32,84,62,2.89
472,Moberly,US,2021-09-23 22:51:44,39.4184,-92.4382,76.05,31,1,4.61
473,Ulefoss,NO,2021-09-23 22:56:14,59.2838,9.2646,51.33,81,60,3.89
474,Alberton,CA,2021-09-23 22:56:15,46.8168,-64.0654,71.51,77,65,8.5
475,Mayor Pablo Lagerenza,PY,2021-09-23 22:56:15,-19.9309,-60.7718,83.23,37,100,12.46
476,Cache Creek,CA,2021-09-23 22:56:16,50.8101,-121.3246,72.91,37,63,2.57
477,Leningradskiy,RU,2021-09-23 22:56:16,69.3833,178.4167,28.02,92,100,10.45
478,Belize,BZ,2021-09-23 22:56:17,17.25,-88.75,88.12,91,88,2.57
479,Barra Patuca,HN,2021-09-23 22:56:18,15.8,-84.2833,82.45,74,15,7.74
480,Riyadh,SA,2021-09-23 22:55:57,24.6877,46.7219,86.14,19,16,7.52
481,Umm Kaddadah,SD,2021-09-23 22:56:19,13.6017,26.6876,89.64,16,65,11.88
482,Umm Lajj,SA,2021-09-23 22:56:19,25.0213,37.2685,83.34,62,2,9.48
483,Palana,RU,2021-09-23 22:56:20,59.1167,159.9667,44.62,74,4,4.23
484,Kilindoni,TZ,2021-09-23 22:56:20,-7.9139,39.6668,76.46,79,9,12.86
485,Balkhash,KZ,2021-09-23 22:56:21,46.844,74.9804,46.58,59,0,23.94
486,Gat,IL,2021-09-23 22:56:23,31.61,34.7642,76.08,100,5,7.36
487,Ryomgard,DK,2021-09-23 22:56:23,56.3843,10.503,54.61,84,83,18.01
488,Rocha,UY,2021-09-23 22:56:24,-34.4833,-54.3333,51.21,96,72,2.1
489,Luderitz,NA,2021-09-23 22:56:24,-26.6481,15.1594,58.62,65,33,10.0
490,Gouyave,GD,2021-09-23 22:56:25,12.1646,-61.7296,84.97,74,20,11.5
491,Lewiston,US,2021-09-23 22:51:37,44.1003,-70.2148,71.89,91,75,6.91
492,Hoquiam,US,2021-09-23 22:56:26,46.9809,-123.8893,76.05,79,35,4.0
493,Kutum,SD,2021-09-23 22:56:26,14.2,24.6667,79.84,22,16,6.96
494,La Palma,US,2021-09-23 22:56:27,33.8464,-118.0467,97.74,60,1,4.0
495,Guiratinga,BR,2021-09-23 22:52:15,-16.3494,-53.7583,91.69,18,56,1.72
496,Ducheng,CN,2021-09-23 22:56:28,23.2373,111.5317,77.14,92,23,3.2
497,Astana,KZ,2021-09-23 22:56:28,51.1801,71.446,33.75,93,0,6.71
498,Charlestown,AU,2021-09-23 22:53:41,-32.95,151.6667,71.22,57,3,4.0
499,Liliani,PK,2021-09-23 22:56:29,32.2065,72.9537,78.13,79,0,5.21
500,Jiuquan,CN,2021-09-23 22:56:30,39.7432,98.5174,59.45,37,10,0.78
501,Gannan,CN,2021-09-23 22:56:30,47.9147,123.5031,51.03,81,99,5.93
502,Lasa,IT,2021-09-23 22:56:31,46.6166,10.7002,52.02,50,6,4.94
503,Naliya,IN,2021-09-23 22:56:31,23.2667,68.8333,80.71,85,93,8.93
504,Muncar,ID,2021-09-23 22:56:32,-8.4333,114.3333,75.72,91,100,1.3
505,Yingkou,CN,2021-09-23 22:56:32,40.6648,122.2283,58.96,84,86,5.3
506,Namibe,AO,2021-09-23 22:56:33,-15.1961,12.1522,65.89,94,37,5.86
507,Ankang,CN,2021-09-23 22:56:33,32.68,109.0172,72.03,94,95,2.62
508,Susehri,TR,2021-09-23 22:56:34,40.1644,38.0867,48.18,85,100,4.47
509,Abu Dhabi,AE,2021-09-23 22:56:34,24.4667,54.3667,87.91,70,0,1.14
510,Hayden,US,2021-09-23 22:53:10,47.766,-116.7866,74.34,46,1,6.91
511,Sinnamary,GF,2021-09-23 22:56:35,5.3833,-52.95,80.56,80,35,11.72
512,Senno,RU,2021-09-23 22:56:36,59.5336,33.9167,45.34,91,100,8.68
513,Bintulu,MY,2021-09-23 22:56:36,3.1667,113.0333,75.61,94,20,2.3
514,South Valley,US,2021-09-23 22:56:37,35.0101,-106.6781,86.9,16,1,5.75
515,Kumeny,RU,2021-09-23 22:56:37,58.1089,49.9161,46.38,78,100,7.11
516,Alakurtti,RU,2021-09-23 22:56:38,66.9672,30.3491,44.64,89,100,10.51
517,Nadym,RU,2021-09-23 22:56:38,65.5333,72.5167,39.18,88,100,14.07
518,Sangueya,GN,2021-09-23 22:56:39,10.7,-14.3667,75.31,91,100,1.92
519,Hami,CN,2021-09-23 22:56:40,42.8,93.45,63.07,21,17,2.95
520,Celestun,MX,2021-09-23 22:56:40,20.8667,-90.4,82.78,71,100,9.6
521,Kangaatsiaq,GL,2021-09-23 22:56:41,68.3065,-53.4641,28.18,83,100,7.36
522,Evensk,RU,2021-09-23 22:56:41,61.95,159.2333,47.05,61,13,1.54
523,Linqing,CN,2021-09-23 22:56:42,36.8456,115.7117,66.96,98,98,3.94
524,Groa,NO,2021-09-23 22:56:42,62.65,8.7167,44.69,96,100,6.49
525,Stornoway,GB,2021-09-23 22:56:44,58.2093,-6.3865,55.92,82,75,21.85
526,Takoradi,GH,2021-09-23 22:56:45,4.8845,-1.7554,76.57,91,43,6.26
527,Polyarnyy,RU,2021-09-23 22:56:45,69.1989,33.4478,46.87,80,34,15.95
528,Vila Franca Do Campo,PT,2021-09-23 22:56:45,37.7167,-25.4333,66.61,78,34,7.76
529,Guerrero Negro,MX,2021-09-23 22:56:46,27.9769,-114.0611,81.84,58,3,11.74
530,Cherskiy,RU,2021-09-23 22:56:46,68.75,161.3,32.4,80,75,7.34
531,Chino Valley,US,2021-09-23 22:56:47,34.7575,-112.4538,87.93,20,18,5.99
532,Avera,US,2021-09-23 22:53:51,33.194,-82.5271,74.86,58,0,4.47
533,Sorong,ID,2021-09-23 22:56:47,-0.8833,131.25,78.98,86,100,12.53
534,Maniitsoq,GL,2021-09-23 22:56:48,65.4167,-52.9,32.14,62,34,7.76
535,Mut,TR,2021-09-23 22:56:48,36.6439,33.4389,59.63,58,13,15.64
536,Pasni,PK,2021-09-23 22:56:49,25.2631,63.471,78.58,89,60,4.5
537,Barabai,ID,2021-09-23 22:56:49,-2.5833,115.3833,74.37,96,94,1.52
538,Lucea,JM,2021-09-23 22:56:50,18.451,-78.1736,76.86,74,42,1.1
